title, description
Litecoin ( LTC ) KeyChain V1,Litecoin ( LTC ) Keychain! Subscribe for more Keychains,https://www.thingiverse.com/thing:2892663
LTC GLODOK BAZAAR TOOLS – DISCOUNT up to 70% off,LTC GLODOK BAZAAR TOOLS – DISCOUNT up to 70% off Tanggal 26-31 Maret 2018Lihat Informasi selengkapnya di LTC GLODOK BAZAAR TOOLS – DISCOUNT up to 70% offLihat Promosi selengkapnya di LTC GLODOK BAZAAR TOOLS – DISCOUNT up to 70% off Lihat Promosi selengkapnya …,http://katalogpromosi.com/event/bazaar/ltc-glodok-bazaar-tools-discount-up-to-70-off
Buy This 5.7%-Yielding; Monthly-Paying REIT,LTC Properties is a high-quality healthcare REIT. LTC Properties brings a lot to the table for income investors; including a high-quality; diversified; long-dur,https://seekingalpha.com/article/4177555-buy-5_7-percent-yielding-monthly-paying-reit
LiteCoin ( LTC ) KeyChain V1,LiteCoin ( LTC ) KeyChain Version 01,https://www.thingiverse.com/thing:2874315
Why Not Buy This 6.3%-Yielding SWAN REIT Near 52-Week Lows?,LTC Properties is a SWAN in the healthcare REIT sector. LTC Properties makes a compelling value proposition: It has a fortress balance sheet; a strong; diversif,https://seekingalpha.com/article/4167481-buy-6_3-percent-yielding-swan-reit-near-52-week-lows
LTC Lightning Network Tutorial (Mac),This is a step-by-step main net tutorial on how to setup a Lightning Network node for Litecoin on a Mac. It is specifically for the lnd…,https://hackernoon.com/ltc-lightning-network-tutorial-mac-f928dbb145eb
Wirex Adds Litecoin (LTC) to its Payment Cards,Users of the Wirex Bitcoin debit card can now make payments with Litecoin. Wirex announced full Litecoin integration with its new Wirex LTC (Litecoin) wallet; predicting that Litecoin could become a global payment option on dozens of big brand websites in the…,https://www.youbrandinc.com/crytocurrency/wirex-adds-litecoin-ltc-to-its-payment-cards/
Join Me In Buying This 5.8%-Yielding; Monthly-Paying Health Care REIT,LTC Properties' shares appear to have bottomed out. LTC Properties is a high-quality income play with a monthly distribution frequency playing long-term trends,https://seekingalpha.com/article/4156429-join-buying-5_8-percent-yielding-monthly-paying-health-care-reit
Santa Cruz Tallboy Ltc,http://classifieds.mtbr.com/data/51/thumbs/Pic_11.jpg 29er Full Suspension USA Very well maintained custom built in summer 2014 Large Tallboy LTc. Great condition; only minor scratches. 26.6 lbs including pedals and good aggressive tires. Rear Travel 135... P…,http://classifieds.mtbr.com/showproduct.php?product=114119
Enforcing laws: LTC challans 89 vehicles,LTC challaned 89 public services vehicles; including buses; coasters; rickshaws and motorcycle rickshaws The post Enforcing laws: LTC challans 89 vehicles appeared first on The Express Tribune.,https://tribune.com.pk/story/1660184/1-enforcing-laws-ltc-challans-89-vehicles/
Is Litecoin (LTC) dead?,Facebook Nicholas Kith is a cryptocurrency and ICO content creator at Trudex. He has been active in the cryptocurrency space for the last 3 years. During his 3 years in the industry; he has provided advisory services to investors on high returns cryptocoins l…,https://www.youbrandinc.com/crytocurrency/is-litecoin-ltc-dead/
Medical Director - Medicare LTC - FL,Job descriptionPosition Purpose: Assist the Chief Medical Director to direct and coordinate the medical management; quality improvement and credentialing functions for the business unit.Provides medical...,http://www.careerwebsite.com/job/medical-director-medicare-ltc-fl/41398690/22351/
MRC Senior Fellow LTC Allen B. West (USA; Ret) Responds to Facebook’s Takedown Policies,RESTON; VA – Media Research Center (MRC) Senior Fellow LTC Allen B. West (USA; Ret) issued the following statement Tuesday concerning Facebook’s community guidelines publicly released earlier today. LTC West serves as MRC’s primary spokesperson for its Censor…,https://www.newsbusters.org/blogs/nb/nb-staff/2018/04/24/mrc-senior-fellow-ltc-allen-b-west-usa-ret-responds-facebooks-takedown
NEO; EOS; LTC; IOTA and Lumens: Altcoins Technical Analysis March 28; 2018,Because of the obvious bad press; LTC took the brunt of the markets in the last 24 hours losing 3.5% according to CoinMarketCap. Of course; that was inevitable and with LitePay closing down after using $50K of Litecoin Foundation’s money; Lee should make due …,https://www.newsbtc.com/2018/03/27/neo-eos-ltc-iota-lumens-technical-analysis-7/
NEO; EOS; LTC; Monero; Lumens: Technical Analysis March 19; 2018,There is a broad-based recovery of Lumens; NEO; LTC; Monero; EOS and LTC. That’s because G20 countries don’t intend to crack down on cryptocurrencies in general. Now; considering our trade plan and our adherence to trading with the trend; it is likely that bu…,https://www.newsbtc.com/2018/03/19/neo-eos-ltc-monero-lumens-technical-analysis-4/
NEO; EOS; LTC; IOTA; Lumens: Technical Analysis March 20; 2018,These high liquid alt-coins- Lumens; NEO; LTC; Monero; IOTA and LTC continue to edge higher. As per our expectation and as history shows; often strong surges are followed by periods of lower lows or consolidation before trend resumes. That’s what we saw yeste…,https://www.newsbtc.com/2018/03/19/neo-eos-ltc-iota-lumens-technical-analysis-2/
BRIEF-LTC Sells Portfolio Of Six Assisted Living Communities For $67.5 Million,* LTC REPORTS 2018 FIRST QUARTER RESULTS; SELLS PORTFOLIO OF SIX ASSISTED LIVING COMMUNITIES FOR $67.5 MILLION,https://www.reuters.com/article/brief-ltc-sells-portfolio-of-six-assiste/brief-ltc-sells-portfolio-of-six-assisted-living-communities-for-67-5-million-idUSASC0A17K
NEO; EOS; LTC; IOTA; Lumens: Technical Analysis March 21; 2018,It was our expectation that altcoin prices: NEO; LTC; IOTA; EOS and Stellar Lumens will continue edging higher as the market gets a reliever. But really; will the new realization by the G20 that cryptocurrencies doesn’t pose a systemic risk to the establishme…,https://www.newsbtc.com/2018/03/20/neo-eos-ltc-iota-lumens-technical-analysis-march-21-2018/
Altcoin Daily Technical Analysis: NEO; EOS; LTC; Monero and Lumens,Most altcoins didn’t recover immediately as expected and even though most are; we shall remain neutral until after there is confirmation of our previous forecast. That might happen today and I’m particularly checking out Monero; NEO and Lumens which are react…,https://www.newsbtc.com/2018/03/12/altcoin-analysis-neo-eos-ltc-monero-lumens-4/
Altcoin Analysis: NEO; EOS; LTC; Monero and Lumens,Of all the 5 alt coins under our radar; Monero and LTC have distinct accumulation characteristics after periods of lower lows. In my view; our key support lines especially in NEO is being tested and while the depreciation or breakaways are not yet visible; th…,https://www.newsbtc.com/2018/03/13/altcoin-analysis-neo-eos-ltc-monero-lumens-5/
